Cb,L,B,T,GMT,Wt,Disp,Excess
[0.53536895],[35.54578512],[4.01055143],[3.69555492],[-0.23015859],[159.05453642],[282.04931145],[122.99477504]
[0.39068371],[31.29665547],[6.02585325],[2.91194856],[1.20679702],[163.03153354],[214.54850231],[51.51696876]
[0.43856408],[34.58058989],[4.64965074],[3.6648264],[0.1549602],[163.36487028],[258.42778152],[95.06291125]
[0.37042773],[27.1473184],[3.81939312],[3.99513008],[0.02868504],[136.7808287],[153.44605163],[16.66522293]
[0.58263249],[48.06496314],[7.82952905],[3.53180429],[0.96504937],[270.80744641],[774.38259885],[503.57515244]
[0.5144363],[47.8147037],[9.30805095],[4.35643077],[1.30362075],[316.51854158],[997.43050214],[680.91196056]
[0.32492951],[28.36279208],[5.29622341],[2.62648715],[1.30302657],[145.92103434],[128.19754818],[-17.72348616]
[0.31265104],[47.10232262],[10.80171123],[2.55934798],[6.53658025],[308.17557678],[407.12155819],[98.94598141]
[0.36169838],[42.09144307],[3.47054668],[2.90384133],[0.23765871],[166.98224813],[153.43030421],[-13.55194392]
[0.37337572],[48.26876508],[8.48850028],[3.88729876],[1.95825274],[291.89781942],[594.69070682],[302.7928874]
[0.41940859],[29.59547636],[5.53808018],[3.16053028],[0.72825722],[154.73687195],[217.26103796],[62.52416601]
[0.34647267],[25.15010398],[7.70317328],[4.21751688],[1.50498711],[166.23598072],[283.09699917],[116.86101844]
[0.36058945],[37.15392327],[5.41157414],[4.77322766],[0.30476206],[188.1234956],[346.06164037],[157.93814477]
[0.34329385],[41.92275321],[8.01915019],[3.79075117],[1.96589317],[244.30787901],[437.49132928],[193.18345027]
[0.53046476],[43.82672429],[3.75844573],[3.3155792],[-0.16226585],[178.36470168],[289.70983541],[111.34513373]
[0.42456336],[41.0601261],[10.72517212],[2.1757252],[5.938687],[258.41050692],[406.79077979],[148.38027287]
[0.56141047],[32.96289539],[10.97588846],[3.63697796],[2.55288499],[239.3749817],[738.73080935],[499.35582765]
[0.55311676],[45.58381355],[5.35491612],[3.430051],[0.18395322],[210.25478857],[463.10633552],[252.85154695]
[0.32374762],[43.23076192],[10.0158888],[2.533749],[5.48084353],[267.1782054],[355.18332126],[88.00511586]
[0.34163847],[44.25460848],[11.947354],[4.43221421],[4.02250116],[355.5208595],[800.60397852],[445.08311902]
[0.406081],[39.88124308],[10.62589534],[4.93412955],[2.15028921],[299.17224924],[849.09726392],[549.92501469]
[0.33413047],[35.82385266],[4.16408132],[3.83239061],[0.28015811],[162.12823201],[191.01933839],[28.89110637]
[0.45185135],[28.291417],[5.60267808],[3.57108896],[0.46096761],[153.74813764],[255.76824445],[102.02010681]
[0.44252788],[25.3543594],[6.09114454],[3.04917805],[0.95227379],[146.29031021],[208.38908556],[62.09877535]
[0.43091109],[37.61481139],[4.58154323],[4.5883425],[-0.10842048],[176.76825812],[340.73298583],[163.96472771]
[0.51100439],[45.06340393],[7.61967644],[3.14889857],[1.37543924],[244.79578972],[552.51468913],[307.71889941]
[0.39246092],[41.04099326],[3.59219448],[2.22905558],[0.44926416],[161.39321251],[128.97187689],[-32.42133561]
[0.44022688],[37.78713493],[3.181424],[2.67364225],[0.05025279],[151.27455307],[141.49639339],[-9.77815968]
[0.46857158],[42.11353961],[8.41800051],[3.08208216],[2.05344067],[242.72310833],[511.97746404],[269.25435571]
[0.37442651],[29.84713792],[11.14335999],[3.91984981],[3.64464431],[225.88186185],[488.15176873],[262.26990688]
[0.48849979],[37.23791278],[3.4059514],[4.9288059],[-0.55497381],[160.86572281],[305.37246308],[144.50674027]
[0.41590127],[49.30805029],[9.92210521],[2.39067666],[4.61061143],[300.10274306],[486.44388359],[186.34114053]
[0.47459532],[38.83179837],[11.84309473],[3.44295139],[3.9060085],[290.22739849],[751.46204429],[461.2346458]
[0.45443884],[45.67309515],[8.20413832],[2.07584118],[3.33724556],[239.91444325],[353.47848318],[113.56403993]
[0.35050423],[29.92927881],[4.05989964],[4.97727758],[-0.0565924],[148.75836668],[211.98087043],[63.22250375]
[0.48335584],[27.28102646],[5.6412831],[3.95402002],[0.22902577],[152.98617071],[294.13346244],[141.14729173]
[0.36454812],[29.02243966],[10.99909079],[2.79289918],[5.40081277],[204.48882067],[325.01306682],[120.52424615]
[0.54329257],[44.45104813],[4.41707547],[2.57323862],[0.28485993],[184.26673697],[274.4926084],[90.22587143]
[0.41167388],[45.2304702],[9.16579862],[3.89139131],[2.09161506],[288.14117489],[664.13999669],[375.99882181]
[0.41906775],[48.85442889],[8.72972211],[2.55559842],[3.20602039],[276.38042519],[456.75279182],[180.37236663]
[0.31448658],[26.73130931],[10.24702515],[3.23605543],[4.51291013],[190.06021048],[278.76362486],[88.70341438]
[0.31817513],[26.67430971],[9.14629665],[2.75471904],[4.20037412],[174.15366253],[213.8365862],[39.68292368]
[0.33227946],[28.79846616],[4.1375876],[4.31087695],[0.16465169],[144.52629401],[170.68119883],[26.15490482]
[0.32132741],[46.47520322],[7.05457548],[3.45319056],[1.79108849],[245.1374851],[363.79816516],[118.66068006]
[0.55585783],[46.42710198],[7.21835494],[2.57851668],[1.50621465],[235.73671582],[480.33416669],[244.59745088]
[0.32201641],[45.88985267],[6.74538264],[3.78541766],[1.41180315],[240.32033421],[377.32454701],[137.0042128]
[0.51508185],[27.8978987],[10.94282845],[3.61287414],[2.80204156],[208.28724698],[568.10703249],[359.81978551]
[0.36295808],[48.12538112],[3.0921854],[4.41836518],[-0.19130766],[186.69230109],[238.64799328],[51.95569219]
[0.47545017],[33.16515618],[10.53656987],[2.52783293],[4.39171994],[217.47166148],[419.98586166],[202.51420018]
[0.57114051],[29.22402413],[4.81314973],[4.38110237],[-0.33496095],[152.66970589],[351.96198596],[199.29228007]
[0.31726787],[26.97751776],[10.75367153],[4.12665786],[3.75399511],[206.25939911],[379.82479888],[173.56539977]
[0.45616926],[42.16112509],[10.1775843],[4.72126936],[1.75055095],[302.88881589],[924.14835489],[621.259539]
[0.47652182],[38.35780417],[7.91238592],[2.04163615],[3.01651392],[201.30253811],[295.27204823],[93.96951012]
[0.36352669],[43.9056135],[11.21386928],[3.32805144],[4.62611596],[312.40433364],[595.6647054],[283.26037176]
[0.46513906],[38.88710652],[4.88110731],[4.17209863],[-0.01201586],[183.19509117],[368.35058542],[185.15549425]
[0.31004762],[37.92060478],[3.0609215],[4.30414343],[-0.01768675],[156.30942226],[154.89685167],[-1.41257059]
[0.4623691],[31.60090578],[5.50114462],[4.60216274],[0.02553871],[168.62656951],[369.91621721],[201.28964771]
[0.40183784],[48.52789144],[7.41579691],[4.87345222],[0.7657993],[281.82261708],[704.75276461],[422.93014752]
[0.50967498],[39.94986743],[11.63570705],[2.78296335],[4.59131701],[280.64456886],[659.33923816],[378.69466929]
[0.45309157],[27.56782293],[6.69361675],[4.06145546],[0.63669772],[164.63209365],[339.57131242],[174.93921877]
[0.58593616],[31.67902528],[9.98435883],[2.74251488],[2.92369119],[206.26775459],[508.26626757],[301.99851298]
[0.527462],[32.51843726],[7.0097558],[4.03989446],[0.51904533],[187.17864198],[485.72868424],[298.55004226]
[0.39723198],[47.03378558],[6.35645021],[2.01620865],[2.22730753],[215.33281742],[239.44416898],[24.11135156]
[0.40632694],[33.49752306],[5.16075816],[3.5251449],[0.46477509],[165.01931617],[247.61605134],[82.59673518]
[0.50786349],[42.46289077],[6.93673166],[2.12051737],[2.00717862],[206.69348431],[317.2146803],[110.52119599]
[0.31859388],[45.91106252],[3.98456328],[3.2901802],[0.42624523],[188.04136043],[191.75874511],[3.71738469]
[0.55234657],[45.12543759],[10.65807855],[2.65872438],[3.73061147],[294.57823235],[706.29368268],[411.71545033]
[0.31446233],[33.99698057],[8.78841786],[4.07988557],[2.4536042],[218.47963336],[383.32544817],[164.84581481]
[0.43823741],[44.18954317],[5.10341639],[3.57284844],[0.32945369],[201.75879776],[353.10555941],[151.34676164]
[0.37684506],[42.41738737],[5.41684386],[4.04591366],[0.46697205],[203.68205626],[350.32382195],[146.64176569]
[0.33976466],[45.76179721],[9.29177963],[2.7876705],[4.0319092],[274.04643875],[402.73707977],[128.69064103]
[0.4813415],[27.62546299],[8.3600389],[3.15404224],[1.89050189],[174.68399442],[350.62160643],[175.93761201]
[0.44836267],[41.21569371],[6.24378806],[4.33787291],[0.38077072],[215.11064125],[500.51493189],[285.40429064]
[0.38370112],[28.5069819],[8.25489796],[4.43987604],[1.42148318],[187.882165],[400.89151511],[213.00935011]
[0.36497925],[43.4198244],[5.14117107],[4.39072632],[0.3133644],[205.42822807],[357.72942541],[152.30119734]
[0.53405775],[29.16381181],[8.94914655],[2.91740888],[2.24815523],[184.879547],[406.64124956],[221.76170256]
[0.421669],[49.05980807],[7.39179143],[3.80242984],[1.1864589],[270.51003392],[581.44471688],[310.93468296]
[0.51739246],[28.1021279],[11.55024823],[3.90688953],[2.84111886],[220.26750139],[656.1177005],[435.85019911]
[0.32986142],[28.72238057],[6.18089735],[4.02301453],[0.98389842],[163.15583183],[235.58904227],[72.43321044]
[0.48805993],[46.20992996],[7.76086671],[4.53992897],[0.67987581],[272.52334338],[794.6351039],[522.11176052]
[0.40354189],[30.51432684],[8.85012369],[2.5907079],[3.36677459],[185.94018941],[282.33206452],[96.39187511]
[0.5401111],[43.11730032],[3.72868191],[4.11888891],[-0.41426937],[179.91870046],[357.65975562],[177.74105515]
[0.56211795],[49.59137078],[6.11316479],[3.70361184],[0.2824013],[244.76034035],[631.1391717],[386.37883136]
[0.40461275],[42.64298034],[4.38013664],[2.84640487],[0.45788107],[179.96973104],[215.11537223],[35.14564119]
[0.5717487],[40.23498344],[3.11269447],[4.00806172],[-0.5419411],[162.34108529],[286.99868541],[124.65760011]
[0.50337742],[42.33507685],[3.89393175],[4.48508538],[-0.40489917],[181.62033161],[372.18008821],[190.5597566]
[0.39360622],[37.30179597],[8.5378774],[2.49323896],[3.33373159],[211.56870549],[312.53993113],[100.97122564]
[0.58196733],[30.16647087],[5.62574473],[2.62126741],[0.64025821],[153.827479],[258.8895142],[105.06203519]
[0.45578929],[49.63180331],[8.69765164],[2.42761221],[3.13390142],[277.52527892],[477.64528395],[200.12000503]
[0.31957674],[46.84301392],[4.53226264],[2.76399212],[0.84647544],[195.51681092],[187.53047652],[-7.9863344]
[0.43459534],[33.69785664],[6.67038379],[3.24856766],[1.1294989],[181.18702304],[317.34384982],[136.15682678]
[0.37164385],[27.37596734],[11.76053652],[2.77032037],[6.1709118],[203.28648071],[331.47712089],[128.19064018]
[0.54577643],[38.51371298],[6.68068667],[2.24145921],[1.57115534],[189.32994437],[314.76186234],[125.43191797]
[0.52056138],[32.08592674],[11.68189694],[4.00108089],[2.80203662],[249.28299429],[780.68752273],[531.40452844]
[0.5741472],[26.93916017],[5.87715692],[4.91146603],[-0.27554038],[158.58013487],[446.46326956],[287.88313469]
[0.39295533],[32.48074396],[4.19113394],[3.9095488],[0.08025781],[153.37997751],[209.13529401],[55.7553165]
[0.37062874],[39.77778082],[3.61154025],[4.71588145],[-0.1677515],[170.24301964],[251.09321893],[80.85019929]
[0.38975188],[39.21117432],[10.04619334],[3.02498034],[3.81740077],[253.09190721],[464.43201943],[211.34011221]
[0.4179477],[25.43874854],[6.53213824],[2.33249522],[1.8689604],[145.18773647],[161.99209148],[16.804355]
[0.55175939],[41.79347067],[9.74032697],[3.98034216],[1.61646453],[279.68964731],[894.03003772],[614.34039041]
[0.4052413],[49.01830929],[8.92443345],[2.32082057],[3.88641724],[276.12378435],[411.42838667],[135.30460231]
[0.56963912],[34.54781375],[10.0278646],[4.78862453],[1.11451346],[249.49688023],[945.01701259],[695.52013236]
[0.38189199],[34.2456987],[3.83083238],[4.61306345],[-0.13678666],[156.81481483],[231.11554457],[74.30072975]
[0.50699786],[35.07417489],[11.35067671],[3.72976208],[2.97485837],[260.27329172],[752.82923378],[492.55594205]
[0.39145221],[31.94557474],[8.17788042],[3.12145884],[2.29749135],[190.62225413],[319.21833011],[128.59607598]
[0.31368988],[30.65295465],[9.8540385],[2.00806187],[6.97107363],[188.92016132],[190.26731969],[1.34715837]
[0.55752603],[28.59222746],[6.373979],[4.45378194],[0.0563131],[167.29672304],[452.5355697],[285.23884666]
[0.567013],[31.98777294],[10.13148218],[3.93450326],[1.78405],[225.33475228],[723.00268804],[497.66793576]
[0.37781789],[35.04667025],[7.8083375],[2.65165895],[2.64343035],[194.2093871],[274.16090629],[79.95151919]
[0.50565057],[35.56392301],[5.38037237],[4.07361784],[0.05054546],[177.92012367],[394.14205767],[216.221934]
[0.53749513],[41.95168964],[4.9597325],[3.20161939],[0.19117393],[188.50624058],[358.0568172],[169.55057662]
[0.40740543],[43.38007586],[5.52723523],[2.18751985],[1.41321046],[191.65671501],[213.68649166],[22.02977665]
[0.36637089],[44.40254246],[11.90820004],[4.59203272],[3.548016],[359.17640063],[889.56951932],[530.39311869]
[0.52020786],[34.08936628],[9.22819069],[4.08402747],[1.42650431],[225.80604626],[668.34553698],[442.53949073]
[0.46440503],[27.46419549],[8.90579192],[2.68439675],[2.86208489],[174.63598135],[304.91798851],[130.28200715]
[0.43303909],[40.68224382],[3.7039551],[3.50853147],[-0.03961533],[169.09749624],[228.94074569],[59.84324945]
[0.43506885],[38.7713202],[11.72680324],[3.74346084],[3.72933091],[293.31729572],[740.49394857],[447.17665284]
[0.47305684],[49.27968354],[11.01769316],[4.29688443],[2.41588289],[371.1867404],[1103.63530874],[732.44856834]
[0.42865365],[42.26244714],[3.5662134],[3.6149238],[-0.09037569],[172.44954147],[233.54342191],[61.09388044]
[0.5134274],[43.17961554],[3.21574206],[2.34597865],[0.05076849],[163.82611185],[167.24882436],[3.42271252]
[0.48151909],[48.96421171],[11.74122625],[2.04334578],[6.97082633],[326.82435726],[565.64974446],[238.82538719]
[0.57694455],[30.76531654],[9.72740749],[2.19481076],[3.72312774],[191.12512653],[378.95675142],[187.83162488]
[0.36401629],[46.91534723],[3.85693662],[3.17033326],[0.27448985],[188.66302307],[208.82532656],[20.16230349]
[0.47380096],[45.04387791],[7.48390459],[4.4116308],[0.69175696],[258.40480698],[704.62671891],[446.22191193]
[0.40254199],[41.15458026],[5.37012837],[4.7004077],[0.15360064],[202.52541398],[418.16681483],[215.64140085]
[0.46141827],[26.27074817],[9.58877204],[2.64564052],[3.46562287],[175.3578857],[307.51128096],[132.15339526]
[0.57775285],[47.72560387],[6.30239138],[3.62104113],[0.34720206],[238.87139075],[629.26322856],[390.39183781]
[0.42354832],[34.73816469],[8.06068147],[4.28819743],[1.20397999],[213.72732197],[508.57659326],[294.84927129]
[0.50020692],[26.64755085],[3.94327535],[2.02209607],[0.47098872],[129.3596728],[106.28350955],[-23.07616325]
[0.32419529],[48.58671437],[10.10486525],[3.00319345],[4.62858962],[313.89141317],[478.01119915],[164.11978597]
[0.42117571],[25.58780762],[6.32980838],[2.83180541],[1.29427259],[147.48837279],[193.17475307],[45.68638028]
[0.52269907],[49.78577634],[8.09671936],[4.50891344],[0.6940585],[301.65629251],[950.03148586],[648.37519335]
[0.46960021],[32.65308114],[3.4387226],[4.42532383],[-0.3975884],[147.67869466],[233.34293313],[85.66423847]
[0.47103175],[25.65361598],[8.59578334],[4.36931769],[1.1716624],[178.24638548],[453.83486013],[275.58847465]
[0.54673623],[27.16598495],[5.14757462],[3.35155889],[0.16690174],[145.47447013],[256.24347386],[110.76900373]
[0.42933857],[35.38908171],[5.80676381],[3.87692557],[0.47779074],[181.53982808],[342.05096893],[160.51114085]
[0.52441865],[39.0342401],[10.79218391],[2.20695821],[5.00718103],[248.18104141],[487.55914041],[239.378099]
[0.40118887],[37.65977197],[11.51410456],[3.26790646],[4.56881602],[272.49853362],[568.49461223],[295.99607862]
[0.33556275],[33.93635807],[9.17750747],[4.4962016],[2.20396373],[228.46472899],[469.90438649],[241.4396575]
[0.34240988],[40.59318906],[4.75272431],[3.34251554],[0.60732548],[181.81058784],[220.80836215],[38.99777432]
[0.37385307],[40.94286391],[10.45806289],[2.94466525],[4.46733805],[269.38748741],[471.37478817],[201.98730076]
[0.56838476],[48.33254875],[6.90926795],[2.85580603],[1.07505142],[243.47742389],[542.05439047],[298.57696658]
[0.36851654],[47.19963679],[11.58461183],[3.31227284],[4.92641408],[345.68513817],[667.42616944],[321.74103128]
[0.35948803],[39.83580577],[5.77820502],[4.2774123],[0.58424249],[200.98299025],[353.94199647],[152.95900623]
[0.40803052],[33.38619479],[5.72699744],[4.69048774],[0.23974779],[178.16827378],[365.93552176],[187.76724797]
[0.39485692],[46.04688641],[11.35237646],[3.06771528],[4.83976162],[325.40879674],[633.20138114],[307.79258441]
[0.38442672],[45.26662306],[8.64767892],[2.28672106],[3.87098001],[249.47897028],[344.11564213],[94.63667185]
[0.35139881],[43.68701157],[5.9170121],[2.0502449],[2.10199366],[196.29796487],[186.23479565],[-10.06316922]
[0.41563349],[46.54568978],[8.9883992],[4.25596276],[1.70631404],[298.48763314],[740.06553574],[441.57790259]
[0.51909208],[39.97460247],[8.59898913],[2.81889905],[2.20682498],[230.61390221],[502.98551229],[272.37161008]
[0.48693506],[28.40188163],[4.10738022],[4.33023554],[-0.28812528],[143.38653876],[245.97704752],[102.59050876]
[0.40023743],[43.76431582],[10.25586861],[2.92129478],[4.06110758],[283.26553327],[524.79014445],[241.52461119]
[0.51270709],[39.08356728],[9.41283309],[4.29839605],[1.39621292],[260.73623956],[810.75624724],[550.02000769]
[0.32302029],[42.56098758],[3.49639825],[4.32184172],[0.03310335],[175.40888113],[207.74532127],[32.33644013]
[0.49299542],[34.28310407],[8.84823282],[3.74631357],[1.60591107],[217.38560947],[560.2523583],[342.86674883]
[0.56751133],[28.4618889],[6.46180875],[4.73443697],[-0.05195457],[169.30320622],[494.15215445],[324.84894823]
[0.49423308],[47.09814663],[11.23997853],[2.18211355],[5.79439441],[307.26088085],[570.9242019],[263.66332105]
[0.46741273],[38.41033205],[6.1493437],[3.01919718],[0.91342413],[190.44299582],[333.32572982],[142.882734]
[0.53268837],[32.70321607],[10.64119991],[4.51828689],[1.7236337],[244.33098423],[837.58344668],[593.25246246]
[0.49927865],[36.21259664],[8.66630422],[3.48928081],[1.68763258],[221.61112887],[546.72951329],[325.11838442]
[0.53299794],[33.20299356],[7.31838754],[4.62261292],[0.33930687],[198.70926313],[598.69510083],[399.9858377]
[0.40298587],[32.56301762],[11.24904755],[3.25417874],[4.3458588],[234.88332792],[480.36529537],[245.48196745]
[0.40234069],[48.61598654],[9.44156298],[2.0008249],[5.20631039],[276.21801251],[369.50986189],[93.29184938]
[0.33768943],[46.35652565],[7.01502928],[3.48332813],[1.6400199],[244.19662401],[382.51830633],[138.32168232]
[0.44666007],[47.3957119],[4.31625273],[3.93175486],[-0.03763844],[203.0231729],[359.26050781],[156.23733491]
[0.38668201],[41.86499158],[5.05915186],[4.18351284],[0.27071187],[196.68956196],[342.62874786],[145.93918591]
[0.36966565],[25.64774815],[7.04774669],[3.78014685],[1.29169073],[159.41532241],[252.59066439],[93.17534198]
[0.54129489],[39.12375657],[8.71617485],[3.83694939],[1.28150967],[242.39155166],[708.24983552],[465.85828386]
[0.48626094],[25.72921614],[3.96150938],[4.10848913],[-0.25866937],[135.05657672],[203.62859773],[68.57202102]
[0.57531259],[46.88977336],[10.56487299],[3.33756765],[2.57613482],[320.39220286],[951.20992197],[630.81771911]
[0.5790184],[49.53162549],[6.44185718],[4.86787793],[-0.13500819],[264.27107231],[899.34373405],[635.07266174]
[0.41640225],[36.44387391],[4.26915373],[3.85784804],[0.04965874],[165.40613819],[249.93352619],[84.527388]
[0.52315477],[41.66321432],[8.39855775],[2.42186237],[2.55568267],[229.56431722],[443.3402265],[213.77590929]
[0.55828882],[35.32916987],[9.26558709],[3.67296294],[1.60291736],[228.29189799],[671.24622435],[442.95432637]
[0.51558532],[33.50986406],[7.25408278],[3.28764743],[1.08328791],[187.90590641],[412.04149251],[224.13558609]
[0.53130056],[49.39726899],[5.24267625],[4.89328632],[-0.30962778],[236.41683027],[673.28180226],[436.86497199]
[0.52962383],[38.07082669],[7.6413049],[4.92587068],[0.32253069],[229.86117516],[758.94509212],[529.08391696]
[0.48452875],[26.20857807],[3.65627076],[3.21503553],[-0.07351977],[131.18674622],[149.27501965],[18.08827343]
[0.35857865],[40.01645088],[6.981001],[4.58055366],[0.9339351],[224.49887437],[458.83725569],[234.33838132]
[0.45096909],[41.46264887],[8.97387303],[4.87727326],[1.14297053],[274.34728079],[818.39097116],[544.04369037]
[0.48047556],[30.71511399],[10.86037145],[3.27634943],[3.37459574],[219.11817086],[525.11971583],[306.00154497]
[0.34706645],[32.63517847],[9.77313751],[3.51467619],[3.36177539],[218.60817888],[389.06122881],[170.45304993]
[0.42497998],[37.58867537],[3.28586279],[4.35035973],[-0.30526321],[158.44747375],[228.34951261],[69.90203886]
[0.32512005],[48.45365769],[8.19497943],[4.03028983],[2.03753637],[288.36974851],[520.30076356],[231.93101505]
[0.56015647],[42.83638669],[10.54866771],[2.43351562],[4.02344277],[272.4187766],[615.96201829],[343.54324169]
[0.32899883],[44.12791474],[6.43563487],[4.37320031],[0.95332875],[232.02764831],[408.60015788],[176.57250957]
[0.37834987],[29.69932301],[7.88554457],[3.34869814],[1.9921112],[179.99791026],[296.72068716],[116.72277689]
[0.57997907],[31.5265811],[4.03106353],[4.68707594],[-0.58739724],[152.00371767],[345.47038964],[193.46667197]
[0.51617964],[36.04646593],[11.81096244],[3.11320357],[4.08838847],[263.63090572],[684.15794531],[420.52703959]
[0.53501224],[47.21639232],[5.22344162],[3.26243454],[0.25392942],[212.91717287],[430.48207442],[217.56490155]
[0.47727532],[49.70009996],[3.45638816],[4.2589992],[-0.37340947],[197.7088436],[349.18558755],[151.47674395]
[0.49824815],[40.52446911],[8.50354481],[3.10958138],[1.93865002],[236.25759226],[533.90619132],[297.64859905]
[0.37600018],[45.81018892],[3.0136197],[2.54578435],[0.16765164],[169.77461611],[132.14787844],[-37.62673767]
[0.42643134],[28.69775101],[3.23037941],[4.61984102],[-0.37219302],[136.78544957],[182.63228075],[45.84683118]
[0.53363696],[29.72227014],[9.21625377],[3.72098161],[1.63715691],[198.89048035],[543.92600766],[345.03552731]
[0.55126076],[45.42072017],[9.61245491],[4.65903051],[1.09512184],[312.23779089],[1121.3494312],[809.1116403]
[0.44748734],[37.38502868],[6.33353186],[2.93886809],[1.11987279],[188.18828737],[311.38990131],[123.20161394]
[0.50126121],[35.73857389],[7.47802178],[4.22182616],[0.68334777],[209.2771046],[565.57263946],[356.29553486]
[0.36561317],[33.27880643],[3.69940122],[2.25206615],[0.55230955],[143.05704227],[101.36829595],[-41.68874632]
[0.36737443],[32.83384388],[11.28592488],[4.8265389],[2.92361196],[259.16520513],[657.05787274],[397.89266761]
[0.48563393],[25.04196077],[4.79182114],[3.1866823],[0.25688208],[136.52858896],[185.70206001],[49.17347105]
[0.43914154],[25.2244442],[6.00000626],[4.67831739],[0.21482342],[153.06259379],[310.93349775],[157.87090396]
[0.4197932],[30.93571407],[5.55992202],[2.77661337],[0.94878302],[156.48929318],[200.48397109],[43.99467791]
[0.34635266],[44.20158742],[9.94616863],[2.70466214],[4.73554772],[275.47350214],[411.83688303],[136.36338089]
[0.33261158],[38.61500021],[4.82748367],[3.82050689],[0.50886718],[179.2847049],[236.88371248],[57.59900757]
[0.57481084],[43.88314437],[4.93070014],[4.18541449],[-0.25393462],[202.39940051],[520.5587511],[318.15935059]
[0.44335747],[41.44808166],[10.51426717],[3.64308244],[2.94364239],[286.97363766],[703.8927171],[416.91907943]
[0.5083509],[30.26091189],[10.6984475],[3.06149026],[3.37790078],[211.64671776],[503.84766591],[292.20094814]
[0.39856006],[37.52959871],[5.18564876],[4.96673173],[0.04535132],[187.22964878],[385.2489761],[198.01932732]
[0.34477189],[26.08731984],[6.78173335],[4.64621553],[0.90102358],[163.2805179],[283.40099826],[120.12048036]
[0.47814002],[32.18128956],[9.49886943],[2.86816114],[2.96192222],[204.57098144],[419.21228546],[214.64130403]
[0.55707816],[49.94999029],[11.44687853],[3.35946629],[3.20512615],[366.02379766],[1070.06189843],[704.03810077]
[0.32071127],[32.89220728],[8.45426196],[3.32030694],[2.83870198],[200.30425784],[296.11552566],[95.81126782]
[0.38075035],[35.27245215],[9.69829881],[4.74579161],[1.97338784],[247.6610082],[618.13051939],[370.46951118]
[0.41108112],[48.40806886],[9.01980518],[2.70078789],[3.28159723],[282.72417362],[484.76686457],[202.04269095]
[0.44077854],[49.4315617],[7.93773095],[4.15679291],[1.14216422],[290.30822566],[718.91830056],[428.6100749]
[0.34370481],[42.86825951],[7.50261934],[2.66664766],[2.64347966],[224.85940127],[294.78135289],[69.92195162]
[0.4598971],[28.61583657],[10.93559638],[3.36712258],[3.45125388],[209.23264361],[484.5833791],[275.35073549]
[0.56263147],[36.79253402],[9.0456831],[4.97483984],[0.6607888],[248.32901322],[931.54576125],[683.21674803]
[0.5885779],[44.82600841],[5.81380609],[3.60087718],[0.17599965],[216.6948374],[552.33538965],[335.64055225]
[0.50054646],[43.29272636],[7.78552579],[3.45011574],[1.27162954],[242.96411884],[582.07767307],[339.11355423]
[0.53676149],[32.30501577],[10.11427545],[3.41262032],[2.40090591],[220.29938308],[598.51364844],[378.21426537]
[0.3119912],[34.84310584],[11.19373433],[4.7614493],[3.51564088],[270.903573],[579.39316279],[308.48958979]
[0.46080486],[34.78342696],[6.87070315],[3.21801755],[1.14373089],[187.58704863],[354.38800062],[166.80095198]
[0.54897864],[36.96641263],[5.85805798],[3.65419042],[0.25352465],[186.53965398],[434.41778058],[247.8781266]
[0.36108522],[49.11508788],[6.0488634],[3.8606549],[0.84368485],[242.65398288],[414.15165237],[171.49766949]
[0.37309405],[37.81644288],[4.98723992],[4.23431365],[0.28159041],[181.26443002],[297.9492417],[116.68481168]
[0.47958887],[33.75434894],[3.31745927],[2.86298285],[-0.04182262],[143.78961875],[153.75285113],[9.96323239]
[0.46953621],[36.12453754],[5.90228191],[2.96566377],[0.82934476],[178.46195147],[296.90208722],[118.44013576]
[0.4967903],[37.7022218],[8.57661756],[3.22794507],[1.87599774],[224.51370758],[518.53996084],[294.02625325]
[0.35498676],[25.12716318],[8.09233649],[2.28807892],[3.60660712],[155.09493015],[165.15835334],[10.06342319]
[0.52362355],[36.08261262],[3.80188239],[2.48435958],[0.15611238],[152.15428929],[178.45563867],[26.30134938]
[0.40009657],[40.85348466],[11.09261589],[4.60683539],[2.70589448],[311.36543705],[835.27714846],[523.91171141]
[0.53944555],[47.57316882],[10.81884489],[3.54865884],[2.66529368],[336.06790539],[985.269047],[649.20114161]
[0.40509479],[28.06839121],[11.31602281],[4.63624048],[2.77334478],[225.29844902],[596.53227621],[371.23382719]
[0.34912598],[43.55134579],[8.36996723],[4.13643816],[1.88619167],[264.68573447],[526.42200644],[261.73627196]
[0.3542122],[48.74439798],[4.72255452],[3.02962894],[0.67679007],[207.90579956],[247.03281347],[39.12701391]
[0.37657291],[30.98122612],[11.53493118],[3.03911373],[5.28073184],[225.67434118],[408.98712494],[183.31278376]
[0.31152919],[29.85139517],[7.56160604],[3.09667943],[2.49037195],[174.90665297],[217.75777997],[42.85112701]
[0.41484446],[45.51965641],[10.83417686],[2.72389164],[4.80571887],[302.19145945],[557.2755792],[255.08411975]
[0.37751151],[27.97844745],[11.49179113],[3.7556633],[4.08038098],[216.78355591],[455.85653295],[239.07297704]
[0.50253766],[39.5602779],[7.52120973],[4.54504726],[0.5402221],[231.70305746],[679.60106367],[447.8980062]
[0.42683971],[35.15404186],[7.15553095],[4.1644174],[0.8693432],[201.29922709],[447.13246066],[245.83323357]
[0.56576874],[31.47077041],[5.66604784],[2.39861285],[0.84506166],[156.37726361],[241.98403587],[85.60677225]
[0.49524564],[31.40800325],[11.0314867],[2.22377823],[5.44133731],[208.87930291],[381.58079303],[172.70149012]
[0.38239228],[29.48536287],[7.53916014],[2.81069199],[2.24065991],[170.78148534],[238.91962205],[68.13813672]
[0.38731254],[48.91554809],[5.11086973],[3.73479803],[0.43273906],[221.94314751],[361.63496983],[139.69182232]
[0.55969558],[39.65373002],[11.67350665],[3.53935194],[3.10750857],[295.10938165],[916.98240997],[621.87302831]
[0.31074901],[41.30573279],[4.91122114],[3.12476872],[0.89783823],[184.79049831],[196.98241007],[12.19191176]
[0.5805733],[33.7283538],[9.83650587],[2.89133124],[2.6421293],[217.17385858],[556.91755804],[339.74369946]
[0.49135952],[35.10887523],[6.60229778],[2.14618201],[1.81429958],[174.88396974],[244.44319287],[69.55922313]
[0.54544608],[27.50116714],[11.88603048],[4.8244294],[2.02994232],[231.27541697],[860.17287525],[628.89745828]
[0.5815381],[47.4854788],[9.57489983],[3.95847202],[1.44038358],[313.89474186],[1046.64839624],[732.75365438]
[0.43691199],[39.43443351],[7.13786188],[3.76758328],[1.02626741],[216.66629738],[463.34082918],[246.6745318]
[0.5546949],[47.93463058],[5.02604579],[3.46626555],[0.06798914],[214.19804335],[463.22482692],[249.02678357]
[0.33701442],[29.33813577],[4.89054642],[3.13262792],[0.77056822],[147.96889945],[151.47717534],[3.50827589]
[0.33322118],[42.72570915],[3.78573504],[2.15929042],[0.73556421],[167.66807677],[116.38128554],[-51.28679123]
[0.3483812],[28.17538491],[3.51465855],[4.66854346],[-0.10865975],[138.25568842],[161.06052626],[22.80483783]
[0.52874478],[39.52352858],[6.27294888],[4.48078263],[0.09240435],[209.47727632],[587.39119132],[377.913915]
[0.52702275],[36.1863259],[10.91238836],[3.82597304],[2.49184],[262.00279753],[796.22456967],[534.22177213]
[0.49753559],[49.16154085],[5.00453295],[4.88973542],[-0.27554031],[230.14262682],[598.54740892],[368.40478211]
[0.49538535],[36.33753867],[4.68776562],[2.71333778],[0.40831831],[163.33899243],[228.96464244],[65.62565]
[0.5167231],[35.85748949],[8.88747186],[4.32239395],[1.13327942],[232.95764737],[711.77108906],[478.81344169]
[0.39215013],[30.37961826],[3.33948549],[4.11597508],[-0.16534703],[140.34116524],[163.75213705],[23.41097182]
[0.31924826],[32.43729724],[5.96898331],[2.74802352],[1.65465476],[164.85493457],[169.86113064],[5.00619607]
[0.4706541],[47.85597293],[6.40198259],[2.10719241],[1.80689522],[220.97293432],[303.84820741],[82.87527309]
[0.35333175],[37.1264614],[8.76942021],[3.28068721],[2.82154684],[225.02069721],[377.40002663],[152.37932942]
[0.56908683],[48.39696615],[6.82693024],[4.34410154],[0.20476434],[261.47924473],[816.81198977],[555.33274504]
[0.35755448],[37.87522046],[9.34399977],[2.128798],[5.25556511],[219.25187557],[269.37957993],[50.12770436]
[0.45024097],[25.85988916],[10.1475262],[4.52889595],[1.90324438],[197.08725142],[535.0867488],[337.99949738]
[0.48271044],[40.26096359],[8.00215687],[3.13704547],[1.69832066],[227.11517796],[487.86395752],[260.74877956]
[0.52610575],[26.32436011],[8.63097716],[3.23171884],[1.77824064],[172.61133777],[386.29973302],[213.68839524]
[0.48474027],[38.55795811],[9.86072288],[2.37232947],[4.030009],[234.75766286],[437.22691],[202.46924714]
[0.32916544],[42.66011085],[5.30750608],[2.98406453],[1.07328215],[194.0599343],[222.40007204],[28.34013774]
[0.50931454],[38.48050536],[4.97627088],[2.09592762],[0.87188955],[167.95611127],[204.41235039],[36.45623912]
[0.46831325],[30.83200769],[10.67259878],[4.38340026],[2.18203709],[231.24089172],[675.49099303],[444.25010131]
[0.48977873],[46.25925255],[7.44578131],[3.39558964],[1.18885508],[251.11675884],[572.82769588],[321.71093704]
[0.46497782],[34.4880678],[11.16849166],[2.59554347],[4.92321287],[234.45706132],[464.86187628],[230.40481496]
[0.46380917],[39.37002951],[3.67522462],[2.76054453],[0.11803695],[161.07424669],[185.26087562],[24.18662893]
[0.32037901],[27.04268108],[5.73972891],[4.57985946],[0.65368264],[155.92910263],[227.74944473],[71.8203421]
[0.54413341],[38.1086859],[7.96010168],[3.9703176],[0.86284295],[225.88850854],[655.34988481],[429.46137627]
[0.31773334],[44.06325605],[11.39362074],[4.1690121],[4.19982035],[335.12387614],[665.01936543],[329.89548929]
[0.42240515],[33.63918715],[5.33169924],[2.2802038],[1.16531657],[158.65703484],[172.74838841],[14.09135357]
[0.4548555],[28.80741176],[4.42416371],[2.26548328],[0.63125055],[138.39804578],[131.33175204],[-7.06629374]
[0.37249885],[39.34014835],[11.13220144],[4.80745178],[2.79898695],[303.82611051],[784.25432133],[480.42821082]
[0.4375752],[42.77760579],[5.05164812],[2.88048444],[0.61163069],[189.97586587],[272.37534913],[82.39948326]
[0.4790445],[27.41537431],[11.43431261],[3.07785582],[4.11950432],[204.36006183],[462.1983247],[257.83826286]
[0.49939331],[27.31491089],[7.20862245],[4.95475796],[0.27541761],[174.2973546],[487.21116139],[312.91380679]
[0.54756339],[46.62946979],[3.61299871],[3.68914414],[-0.33200452],[187.22035219],[340.32065591],[153.10030372]
[0.35579166],[34.85915779],[11.93784006],[4.27198435],[4.0276773],[277.00331692],[632.51097783],[355.50766091]
[0.36210083],[33.56861913],[8.87361319],[4.85396562],[1.62491014],[225.34987417],[523.55244047],[298.2025663]
[0.45356651],[40.7681555],[3.53462718],[2.08165414],[0.36463105],[159.0961936],[136.05491478],[-23.04127882]
[0.50186475],[40.97116758],[6.64455147],[2.0558526],[1.91340512],[195.84297161],[280.88120438],[85.03823277]
[0.48903093],[26.36331067],[9.36821249],[4.55585268],[1.31586782],[191.30380421],[550.25333606],[358.94953185]
[0.54195623],[44.66926175],[10.0806961],[3.51894001],[2.24665339],[297.80450943],[858.7670461],[560.96253667]
[0.42711377],[29.5157761],[7.65595217],[2.45370193],[2.46682199],[168.63139421],[236.82022951],[68.18883531]
[0.3257167],[25.304631],[8.14005126],[4.8393502],[1.53554756],[174.97308809],[324.67902417],[149.70593608]
[0.53734218],[46.73718113],[6.41363029],[3.07004335],[0.79097909],[229.78950279],[494.49496945],[264.70546666]
[0.34043886],[34.68791558],[5.45041134],[4.20898062],[0.57309389],[176.42751266],[270.90906608],[94.48155342]
[0.56372359],[38.22370053],[6.96463019],[4.13150185],[0.358161],[212.02307016],[620.01893506],[407.9958649]
[0.48370175],[40.19489951],[5.70156996],[3.92446869],[0.25819232],[198.66974042],[435.03473339],[236.36499297]
[0.54946894],[46.34728618],[6.49579517],[2.63251302],[1.10150572],[223.77366195],[435.48210021],[211.70843826]
[0.39943376],[40.47727582],[7.67414036],[3.96528508],[1.33103563],[232.79855004],[491.99444088],[259.19589084]
[0.42999638],[48.19148237],[7.32486261],[4.41595368],[0.80403061],[272.26211952],[670.28435324],[398.02223372]
[0.46032183],[31.31547897],[10.06071335],[2.40861407],[4.32019862],[200.40039342],[349.31451076],[148.91411735]
[0.33826582],[36.83302056],[7.39331986],[2.06953674],[3.48189001],[189.03927177],[190.63738953],[1.59811776]
[0.50740597],[40.30817641],[9.91019166],[2.22178289],[4.23987411],[242.18924087],[450.33157486],[208.14233399]
[0.55058077],[35.91161254],[8.68314176],[2.67812025],[2.29219548],[209.76036726],[459.79358631],[250.03321904]
[0.36920616],[46.05465905],[7.73515724],[4.39609566],[1.28704732],[269.06194775],[578.20093731],[309.13898956]
[0.33623983],[36.28039044],[4.3491589],[2.97381364],[0.61036599],[161.06094898],[157.7757065],[-3.28524249]
[0.52799057],[38.99937909],[4.36228825],[2.87484018],[0.16090004],[168.68743308],[258.23311031],[89.54567723]
[0.58392077],[26.75866427],[7.60149966],[2.99473858],[1.25269074],[163.01596868],[355.69400948],[192.6780408]
[0.49797581],[29.27516753],[10.29862412],[3.48092205],[2.64113837],[206.81161594],[522.61412427],[315.80250833]
[0.44551673],[30.0873273],[10.71733781],[3.42097033],[3.32968165],[215.61297458],[491.45510667],[275.84213209]
[0.33059829],[26.40821128],[8.52196258],[2.14225868],[4.60972837],[161.46058363],[159.38635155],[-2.07423208]
[0.46302925],[29.76963962],[11.50885003],[4.08827519],[2.97145727],[232.51598052],[648.56581971],[416.04983918]
[0.46683928],[42.2207776],[7.86414161],[4.6942701],[0.72715103],[253.89773753],[727.63405143],[473.73631391]
[0.45951521],[36.51445295],[4.29749704],[4.73791458],[-0.28567692],[169.97412645],[341.63904413],[171.66491768]
[0.58526198],[47.25898986],[4.20891625],[2.37800038],[0.24019235],[188.95065252],[276.83242065],[87.88176812]
[0.57974434],[44.86260345],[3.41940214],[4.2389609],[-0.56704827],[181.2093216],[376.99064815],[195.78132655]
[0.5065376],[25.84205475],[5.20695568],[4.14563822],[-0.02321005],[145.74043719],[282.56216519],[136.821728]
[0.34114408],[33.31938605],[9.87884727],[3.14141159],[3.99569186],[218.83747667],[352.74911857],[133.9116419]
[0.43104969],[44.30559304],[8.23535095],[2.23822624],[3.22340852],[236.71186665],[352.02376511],[115.31189846]
[0.42567302],[42.53904014],[8.33733286],[4.64499194],[1.12246206],[264.73216099],[701.25491635],[436.52275536]
[0.52655439],[33.01418087],[6.80170335],[3.605263],[0.66739115],[183.1669248],[426.28337956],[243.11645476]
[0.43414783],[46.95116195],[9.20721208],[4.0171534],[1.88274746],[302.38335514],[753.92916447],[451.54580933]
[0.38804449],[35.69234373],[11.31439265],[2.16584721],[7.17517628],[235.07836879],[339.40297598],[104.32460719]
[0.50406279],[39.28139448],[11.47765277],[4.79884987],[2.06696104],[310.81870743],[1090.59068423],[779.77197681]
[0.41260592],[36.62150651],[8.11814465],[2.585745],[2.72725897],[204.18227034],[317.18609152],[113.00382118]
[0.38145582],[49.87306869],[9.00512213],[3.01217352],[3.07627683],[297.77061177],[516.03591358],[218.26530182]
[0.41446654],[27.82598356],[9.47624821],[3.9467429],[2.20649107],[194.54193001],[431.33556422],[236.79363421]
[0.46214858],[30.22499358],[8.0355567],[4.01408958],[1.17427919],[189.743613],[450.55816736],[260.81455435]
[0.46573801],[30.00289475],[9.38777915],[2.93530155],[2.86836361],[193.57615951],[385.05293126],[191.47677175]
[0.48220172],[31.02189988],[10.36623142],[3.58351503],[2.66348444],[218.55765999],[555.68320889],[337.1255489]
[0.52944284],[41.60282079],[9.09182569],[2.71547505],[2.60852775],[245.53102792],[543.79946636],[298.26843845]
[0.46653916],[33.44658771],[9.51600455],[3.81743382],[2.0300678],[223.31427984],[566.84729223],[343.53301239]
[0.54844716],[34.18417569],[10.61297412],[2.35141068],[4.32472024],[221.01873599],[467.87032112],[246.85158513]
[0.44152032],[30.33959588],[6.06793331],[4.94276191],[0.14026689],[172.66402853],[401.76396629],[229.09993777]
[0.54264303],[45.46867727],[4.39815596],[4.81118917],[-0.48155864],[202.78144744],[522.09509198],[319.31364453]
[0.49635037],[48.24166738],[10.43058987],[4.75454028],[1.63337838],[355.93624139],[1187.48479293],[831.54855155]
[0.44649305],[46.59332898],[8.15270875],[4.04887131],[1.27576044],[276.81454762],[686.71153456],[409.89698694]
[0.5776427],[49.68574974],[10.38164982],[3.49481908],[2.28430176],[340.02195325],[1041.31521341],[701.29326016]
[0.45559495],[32.90245011],[11.0621583],[2.17158582],[6.00332184],[216.29544258],[360.10073743],[143.80529485]
[0.56765658],[31.73417941],[9.65684888],[2.27197113],[3.55601785],[195.9866789],[395.2311771],[199.2444982]
[0.58999537],[27.21638248],[11.99409104],[2.30981551],[5.45519125],[198.0518459],[444.86028468],[246.80843877]
[0.45870098],[45.38921566],[9.26041657],[2.15410135],[4.12430274],[258.17456629],[415.31632156],[157.14175527]
[0.55299441],[27.74047899],[9.10830616],[4.35909251],[1.06548013],[193.69260257],[609.07167461],[415.37907203]
[0.58664905],[38.01143613],[8.40203],[4.90840743],[0.3966867],[243.08630865],[919.63921983],[676.55291118]
[0.35813624],[30.85898761],[7.11231322],[4.75192852],[0.91895648],[186.460647],[373.51729685],[187.05664985]
[0.58328233],[45.17359191],[7.36767777],[3.55694714],[0.7577078],[246.32202257],[690.51239525],[444.19037268]
[0.53221823],[41.50185146],[5.82776423],[3.45844817],[0.37235356],[201.93559195],[445.18493618],[243.24934424]
[0.41058301],[40.72436997],[11.70622132],[2.50319419],[6.28552634],[280.62526239],[489.9667628],[209.34150041]
[0.43566563],[44.79017928],[5.48301121],[4.47782572],[0.1415553],[217.92811169],[479.09586304],[261.16775135]
[0.45750081],[36.92307899],[4.49240843],[2.40355942],[0.57677965],[160.76318007],[182.39959769],[21.63641762]
[0.33465123],[44.91740665],[11.2679084],[2.36204787],[7.32780079],[297.5132731],[400.07286977],[102.55959667]
[0.35309369],[38.94174073],[9.48877438],[3.05214096],[3.66412616],[242.74891998],[398.21721133],[155.46829135]
[0.39741356],[27.91254594],[6.19157378],[3.66016839],[0.8381708],[158.52986303],[251.38782806],[92.85796503]
[0.47259484],[29.43293925],[3.14767504],[3.47195223],[-0.23413113],[134.84579304],[152.0149304],[17.16913736]
[0.50498424],[34.61098387],[11.17793348],[3.19017559],[3.56353011],[245.74119188],[623.25802993],[377.51683805]
[0.42763477],[25.497445],[3.34889553],[3.77061099],[-0.17347761],[129.05871591],[137.68385162],[8.6251357]
[0.58821267],[41.26286818],[5.94769355],[4.10591567],[0.00288373],[208.5091562],[592.72384057],[384.21468438]
[0.44966224],[43.03033762],[10.58892375],[2.83992653],[4.05480884],[283.25861557],[581.86213588],[298.60352031]
[0.34573309],[41.59887369],[11.86262943],[4.05789219],[4.34909886],[323.85704328],[692.31539887],[368.4583556]
[0.38311058],[45.71322597],[3.13858355],[2.6901264],[0.14750251],[171.91380091],[147.86738797],[-24.04641294]
[0.42893253],[42.90955878],[7.17752204],[4.28103487],[0.81372275],[239.5275132],[565.54391501],[326.01640181]
[0.42390678],[43.45971285],[9.46133508],[3.71439753],[2.33760913],[280.21651876],[647.43775501],[367.22123625]
[0.52207315],[47.51795477],[7.3441504],[4.57216129],[0.4037207],[270.98687198],[833.01381164],[562.02693966]
[0.56332999],[25.09459652],[10.41295981],[4.88353244],[1.23835342],[198.91977064],[718.87165174],[519.9518811]
[0.39577703],[37.09819936],[6.15483038],[3.40652902],[0.95652015],[188.92160725],[307.84464144],[118.92303419]
[0.33356211],[45.96981397],[9.39789851],[3.64442],[3.07406264],[293.60767894],[525.18054737],[231.57286843]
[0.32661692],[49.80776586],[8.2582969],[2.50910873],[3.6652473],[271.13991968],[337.08988411],[65.94996443]
[0.5540163],[27.67055072],[11.58818943],[3.94090214],[2.62606156],[218.4970382],[700.08630835],[481.58927015]
[0.48949999],[31.05743487],[3.92637465],[4.78280702],[-0.44018948],[149.85538135],[285.49129316],[135.63591181]
[0.4800213],[40.61222332],[10.76300142],[2.99914215],[3.70680161],[273.9673559],[629.28549838],[355.31814248]
[0.3856076],[31.38661548],[5.89034053],[2.84240914],[1.20381649],[161.47103928],[202.63621559],[41.16517631]
[0.50267583],[35.46917947],[7.29229959],[2.51457785],[1.79831072],[188.18448394],[326.94051105],[138.75602711]
[0.55547218],[44.3580734],[8.8012336],[4.76887565],[0.70442083],[287.77945011],[1034.17618984],[746.39673974]
[0.49313026],[40.07789952],[10.21821961],[2.89452158],[3.36230558],[259.01356038],[584.54590955],[325.53234918]
[0.52509952],[48.02075222],[6.00674276],[4.15378259],[0.15054495],[239.90595743],[629.14880145],[389.24284402]
[0.52502708],[43.63712796],[5.51742674],[3.58535989],[0.23160655],[206.58532911],[453.21804915],[246.63272003]
[0.44313869],[47.69850015],[10.4727054],[3.03298569],[3.69981935],[316.94753141],[671.38810019],[354.44056877]
[0.51978387],[37.46959597],[4.28833814],[4.85625496],[-0.46294638],[173.42184791],[405.59473701],[232.1728891]
[0.55642616],[42.39995934],[9.06163143],[2.73791092],[2.43812202],[249.82836804],[585.32717311],[335.49880507]
[0.39013925],[43.06840191],[9.07975151],[3.19583097],[2.84476295],[261.66249947],[487.56909727],[225.9065978]
[0.38924769],[33.09295752],[6.56211992],[4.89934691],[0.51056095],[189.48365509],[414.13695037],[224.65329528]
[0.47180536],[25.29367727],[8.43897651],[2.24623192],[3.12480475],[157.93976699],[226.21386476],[68.27409776]
[0.3388217],[31.75894545],[6.71857949],[4.83597102],[0.83707061],[185.64320725],[349.6217522],[163.97854495]
[0.54359086],[43.5234726],[3.04291478],[3.42413102],[-0.35990269],[168.22250006],[246.51074314],[78.28824308]
[0.41705825],[31.15040567],[10.31734202],[3.87805523],[2.7600538],[222.1849243],[519.80714082],[297.62221651]
[0.55486836],[38.69594005],[5.65496691],[3.29967271],[0.33614198],[187.37194081],[400.64183077],[213.26988996]
[0.57219257],[34.41841064],[11.92708529],[2.6076588],[4.77532673],[244.97230613],[612.51696055],[367.54465442]
[0.49475578],[35.79314284],[5.76624088],[3.50138036],[0.42720519],[179.85992641],[357.53847601],[177.67854961]
[0.56424435],[46.18594187],[4.24731714],[3.98790025],[-0.32046638],[197.91717453],[441.40373297],[243.48655844]
[0.33155692],[39.6184714],[9.79259158],[2.51971015],[5.1514013],[242.1525922],[324.11866001],[81.96606782]
[0.56645496],[29.95967906],[4.11902854],[2.88777701],[0.01823312],[141.91098962],[201.8649853],[59.95399568]
[0.57651805],[44.58522641],[8.29896484],[2.30360494],[2.43094763],[240.52436683],[491.40074439],[250.87637756]
[0.51026167],[48.80585622],[3.86774272],[2.49160839],[0.19649958],[190.09736478],[239.99502856],[49.89766378]
[0.52163271],[49.21648088],[4.83631584],[2.06217492],[0.80080821],[201.45012801],[256.04454464],[54.59441663]
[0.48710927],[28.30415876],[4.70269262],[4.65364552],[-0.24937329],[149.90582621],[301.72864316],[151.82281695]
[0.44472036],[33.81898774],[8.31039637],[4.81726803],[0.93424031],[217.76531784],[602.10213678],[384.33681894]
[0.31554936],[32.12907716],[7.73212569],[3.56435873],[2.16930943],[190.33977131],[279.4125237],[89.07275238]
[0.39844752],[48.69117856],[5.26381475],[3.43981398],[0.56306389],[221.17840541],[351.28286418],[130.10445877]
[0.53854164],[32.29783072],[5.68967905],[2.41670763],[0.90650519],[159.1979928],[239.16879896],[79.97080616]
[0.45784399],[40.14834655],[11.42366509],[2.03030711],[6.88865723],[260.60274655],[426.33636288],[165.73361633]
[0.57297294],[34.10635878],[4.58427448],[4.45857342],[-0.40920743],[165.05308539],[399.42569574],[234.37261035]
[0.35190674],[44.5020305],[6.9053517],[3.87034949],[1.26967068],[237.64618106],[418.54619501],[180.90001395]
[0.35228581],[47.75824332],[4.61663801],[2.33694092],[0.99246874],[195.95252326],[181.51689236],[-14.43563089]
[0.3495483],[29.10789505],[3.5441463],[3.30209419],[0.18306728],[136.78282051],[119.07458984],[-17.70823067]
[0.34795361],[34.39927137],[7.91837948],[3.89880235],[1.80189074],[206.19059152],[369.5201471],[163.32955558]
[0.51426121],[45.33188033],[11.79340541],[4.95848927],[2.04544021],[372.13841387],[1363.2518949],[991.11348103]
[0.518124],[28.20583601],[8.05584459],[2.54640052],[2.18192665],[168.4171246],[299.78540107],[131.36827647]
[0.44588973],[28.8530703],[4.78061997],[4.49217425],[-0.07798842],[151.62935357],[276.28691302],[124.65755945]
[0.44425441],[25.98663763],[6.20628267],[3.59492136],[0.70059221],[152.15594975],[257.57444971],[105.41849996]
[0.37897155],[44.00905056],[9.56726035],[3.24323334],[3.23606058],[277.52880988],[517.50480954],[239.97599966]
[0.33641444],[27.09643051],[6.73751681],[2.80500894],[1.99942038],[155.15954846],[172.2744329],[17.11488444]
[0.51326158],[31.55437758],[8.56003284],[2.36674525],[2.80160241],[184.65834057],[328.11442275],[143.45608218]
[0.36678301],[28.94523644],[3.38068654],[2.384321],[0.36628902],[131.89557202],[85.57677975],[-46.31879228]
[0.38854124],[38.31799975],[10.87892499],[4.52260867],[2.74354173],[286.70305022],[732.51234112],[445.8092909]
[0.54044642],[37.2887448],[5.58703327],[2.66234913],[0.68929061],[176.13686952],[299.76206644],[123.62519691]
[0.43639301],[27.77677975],[7.79095743],[2.73050925],[2.18373995],[166.10735199],[257.86604722],[91.75869523]
[0.4907167],[30.47635388],[3.25200985],[2.11262547],[0.18704009],[132.99565794],[102.74677842],[-30.24887952]
[0.3392567],[40.40616778],[7.09139186],[3.79750765],[1.47713926],[220.60225147],[369.1528616],[148.55061013]
[0.36773766],[35.44447114],[10.35115337],[4.26459981],[2.81669078],[253.77916469],[575.37851363],[321.59934894]
[0.38493261],[36.71367827],[10.44595436],[4.50713985],[2.52773651],[267.11653426],[665.36776261],[398.25122836]
[0.37113023],[42.97102553],[4.86629491],[4.99880439],[0.05522279],[202.65277811],[387.94183796],[185.28905986]
[0.54113464],[47.42740155],[6.63299759],[4.94631009],[-0.01440093],[258.42409497],[842.02667064],[583.60257567]
[0.57361053],[31.81661421],[6.29327428],[2.44046561],[1.09445832],[163.63557983],[280.2982774],[116.66269757]
[0.34450977],[41.13088242],[6.47600352],[2.02809495],[2.64104535],[193.77970682],[186.10794967],[-7.67175716]
[0.49233095],[34.98268726],[7.68736084],[4.20565647],[0.80302147],[208.68188602],[556.82838497],[348.14649895]
[0.57067202],[33.11398975],[4.49417496],[4.99126016],[-0.57228653],[163.0550481],[423.89498106],[260.83993296]
[0.43170798],[26.11140984],[9.12781793],[2.95205695],[2.87649912],[173.65146316],[303.74706924],[130.09560608]
[0.34986864],[39.73679544],[3.99117635],[4.56575948],[0.01141899],[174.98868015],[253.34468882],[78.35600867]
[0.40915179],[29.36644444],[7.84494567],[3.54436596],[1.64100149],[179.89667299],[334.09065222],[154.19397924]
[0.37528554],[43.33702039],[6.22541026],[2.97196419],[1.34170518],[210.55875408],[300.90709207],[90.34833799]
[0.41348297],[34.326092],[4.22805987],[3.16660547],[0.25971905],[155.4174489],[190.02777204],[34.61032314]
[0.43328207],[40.8150013],[10.49717421],[4.91639043],[1.91320791],[303.07363988],[912.66059914],[609.58695926]
[0.45680842],[49.95380696],[4.08659172],[2.92830891],[0.19714025],[200.94608904],[273.07430145],[72.12821241]
[0.41022323],[47.99782139],[6.76995742],[4.06550639],[0.83101216],[254.70480897],[541.92896101],[287.22415204]
[0.44164514],[36.8727903],[3.24288709],[3.85308892],[-0.24421613],[154.39239122],[203.47934023],[49.08694901]
[0.34294536],[35.21413554],[6.85494108],[4.70925961],[0.91577502],[201.38067225],[389.85070472],[188.47003247]
[0.33092718],[36.57752684],[4.558213],[2.19972017],[1.13719239],[158.87817488],[121.36929342],[-37.50888145]
[0.41227036],[36.39103766],[6.12165766],[4.24469427],[0.50430731],[192.2381118],[389.84503694],[197.60692514]
[0.58657545],[44.64391889],[3.07842672],[2.31535289],[-0.06933252],[166.07194187],[186.65181066],[20.57986879]
[0.38039898],[38.26810834],[9.75480951],[2.21205845],[5.23260831],[228.53758284],[314.11721268],[85.57962984]
[0.31605252],[47.63869017],[6.57833044],[4.98683295],[0.85987833],[258.30371201],[493.92336861],[235.6196566]
[0.58768053],[26.54421095],[7.57618981],[4.53554767],[0.30327309],[172.71293218],[536.03321794],[363.32028576]
[0.51854621],[31.10668355],[10.88648037],[4.09596321],[2.26420153],[232.58417301],[719.25802384],[486.67385083]
[0.39665408],[30.64092803],[6.52128109],[2.11811774],[2.22246958],[158.94892014],[167.87918756],[8.93026743]
[0.42056459],[26.48324646],[8.74448147],[2.44551376],[3.38223923],[166.76923969],[238.18154075],[71.41230106]
[0.37957265],[39.47598894],[4.46599072],[3.37204556],[0.36403133],[174.54626575],[225.65199878],[51.10573303]
[0.39532383],[31.24072401],[7.07589176],[3.72706781],[1.20582566],[180.30196014],[325.70360285],[145.40164272]
[0.54478227],[45.60595374],[9.81327218],[3.62644733],[1.98189837],[300.36530279],[884.17803926],[583.81273647]
[0.44793945],[38.18059857],[3.74152019],[3.37971325],[-0.02725306],[161.77557929],[216.26686902],[54.49128973]
[0.39441769],[37.98939022],[6.94901783],[4.19418523],[0.91375904],[211.08912521],[436.70659047],[225.61746526]
[0.53610542],[26.83482232],[11.82532604],[4.62948118],[2.20644119],[223.87066765],[787.57943124],[563.70876359]
[0.47624898],[49.49184914],[10.19050055],[3.7620674],[2.41088986],[339.4106455],[903.62831404],[564.21766854]
[0.32816646],[29.60370863],[11.38599757],[4.67427598],[3.5340569],[236.61983661],[517.04190616],[280.42206955]
[0.57832543],[38.73558684],[5.27372519],[2.80084808],[0.40651535],[178.42114712],[330.89444573],[152.47329861]
[0.32708927],[25.91501144],[11.10475808],[4.40574602],[3.60706686],[206.90598504],[414.71167504],[207.80569]
[0.32785598],[40.37127465],[7.17440052],[3.39132801],[1.86142207],[217.3631671],[322.04087054],[104.67770345]
[0.387076],[43.74165253],[5.98693109],[2.60239764],[1.42378415],[204.32640905],[263.79669197],[59.47028292]
[0.35621667],[44.71418113],[10.27530454],[2.64194137],[5.0779964],[283.66750882],[432.39175444],[148.72424562]
[0.439676],[32.78548174],[11.7776973],[3.08827872],[4.72684514],[241.02233217],[524.31369888],[283.2913667]
[0.51106114],[35.95957675],[10.33231494],[2.95483073],[3.24894961],[237.40423301],[561.07081145],[323.66657844]
[0.57567764],[37.40947086],[7.45553334],[3.67515978],[0.74217626],[211.46432534],[590.08675564],[378.6224303]
[0.54708664],[41.7424428],[3.29135134],[2.32625599],[0.03264627],[160.71427627],[174.85003172],[14.13575546]
[0.41833708],[37.008632],[5.43085506],[4.22908732],[0.26273227],[184.65624766],[355.58567808],[170.92943042]
[0.35693706],[25.79590895],[4.635653],[2.26349389],[1.03253688],[132.96889849],[96.61236766],[-36.35653083]
[0.47792305],[30.43685549],[4.52516814],[3.70555049],[0.00946321],[150.36641932],[243.9187649],[93.55234558]
[0.51183171],[48.78632838],[4.18184581],[2.4776056],[0.30578407],[194.54575951],[258.71732731],[64.1715678]
[0.49195825],[46.1276485],[9.54441079],[2.08473771],[4.31661806],[265.87260626],[451.53363755],[185.66103129]
[0.58290067],[26.01841633],[9.9760717],[3.40231199],[2.12806475],[185.79431432],[514.76511552],[328.97080119]
[0.40776918],[35.6117909],[6.58890826],[4.20195891],[0.7094153],[195.43765388],[402.04390067],[206.60624679]
[0.31281457],[46.67651246],[7.97301871],[3.18020208],[2.69807791],[260.24258929],[370.22255474],[109.97996546]
[0.53073271],[43.97623707],[4.66659055],[4.79195437],[-0.39891783],[201.91470237],[521.92282477],[320.0081224]
[0.35889472],[30.58409815],[9.6801176],[4.72450886],[2.14199873],[219.24078396],[501.99576593],[282.75498197]
[0.5616881],[30.12395119],[9.33204273],[4.84536589],[0.83808348],[213.23177915],[765.08634564],[551.85456649]
[0.55901022],[41.35836876],[8.2849709],[3.20757096],[1.49438752],[238.42868746],[614.39887627],[375.97018881]
[0.47187361],[28.99329175],[3.90281466],[4.44385735],[-0.32263727],[143.29025007],[237.28006523],[93.98981516]
[0.45234657],[31.89804027],[11.07295725],[2.82753847],[4.47331955],[221.99038594],[451.75965938],[229.76927344]
[0.53847854],[33.85812659],[11.61374099],[4.46047272],[2.2280669],[267.25663784],[944.46168822],[677.20505038]
[0.58894845],[32.24477568],[5.07033644],[3.80944936],[-0.11719482],[161.81312344],[366.80531883],[204.99219539]
[0.58458108],[34.91264079],[7.2678681],[2.56662486],[1.4582659],[186.35162172],[380.71228209],[194.36066038]
[0.35996205],[29.07488394],[4.06604615],[3.97887631],[0.12869125],[143.4787294],[169.31968306],[25.84095365]
[0.422826],[47.30290443],[9.67567408],[2.97821971],[3.312769],[295.51016952],[576.35154393],[280.84137442]
[0.32272074],[46.76049258],[4.44180734],[2.61336609],[0.86355628],[192.54670996],[175.17249533],[-17.37421463]
[0.57014044],[26.5552717],[7.23570392],[2.47226706],[1.57710633],[155.0148262],[270.83748322],[115.82265703]
[0.50471776],[25.5360214],[3.36542626],[3.68104789],[-0.30298461],[129.06354079],[159.66633805],[30.60279725]
[0.47508049],[26.89714407],[3.03422929],[2.53615299],[-0.00559958],[126.27971308],[98.33252946],[-27.94718363]
[0.56070113],[32.37915798],[3.63543946],[3.3815108],[-0.25910032],[145.55359671],[223.18483356],[77.63123685]
[0.41397912],[44.99072061],[6.8429621],[2.13364708],[2.35304581],[216.05793837],[271.93687892],[55.87894056]
[0.56506048],[36.69764412],[4.73110095],[4.46752811],[-0.36628194],[175.31591355],[438.29107137],[262.97515782]
[0.40898136],[36.48920396],[11.97223658],[2.45885254],[6.74149001],[255.71301482],[439.31463959],[183.60162477]
[0.45135333],[39.19910733],[8.81669963],[3.84691985],[1.71220786],[244.57107035],[600.0839496],[355.51287925]
[0.35477141],[42.03458635],[11.64398402],[2.09962177],[8.4598367],[278.07289232],[364.5843758],[86.51148348]
[0.55001782],[32.00215382],[9.95482117],[3.10363064],[2.59000954],[212.49980701],[543.82537215],[331.32556513]
[0.44896417],[28.03760923],[10.97375384],[2.46331317],[5.18330328],[194.48116069],[340.27301462],[145.79185392]
[0.31653926],[34.00921824],[9.63843221],[4.55652684],[2.60857571],[236.74657195],[472.78594671],[236.03937476]
[0.38512391],[41.84386563],[3.17321916],[2.29677808],[0.28128492],[159.45290136],[117.44955841],[-42.00334295]
[0.43256807],[26.15718534],[10.2158217],[2.35679291],[4.82445757],[177.00515617],[272.42075662],[95.41560046]
